チャンネル名,URL,ハンドルURL,チャンネルID,登録者,開設日,動画本数,総再生,平均再生/本,最高再生,10万超え本数,100万超え本数,最新投稿,導線,最高再生ショート,最高再生ショートURL,混合型
暇なときの1コマ,https://www.youtube.com/channel/UCYgZd0fAHnfNbWALlHVzigg,https://www.youtube.com/@投稿はここから,UCYgZd0fAHnfNbWALlHVzigg,5650,2026-03-27,225,24933090,110813,8930000,24,5,2026/09/26,コミュニティ投稿,これより地上最強を名乗れッッ！！#アニメ #漫画 #ヤニねこ,https://www.youtube.com/shorts/4Ba2czA5zks,
いわゆるアレな漫画,https://www.youtube.com/channel/UCwFIxvHzJgAyo8tjJTFhDdw,https://www.youtube.com/@いわゆるアレな漫画,UCwFIxvHzJgAyo8tjJTFhDdw,2290,2026-02-04,21,5772412,274876,4210000,4,1,2026/04/16,X投稿URL,気になって集中できません #shorts #漫画 #アニメ,https://www.youtube.com/shorts/GgdX2_Sh740,
江戸漫画太郎,https://www.youtube.com/channel/UCkfHzv2Pd4iacs4dR-xyh-w,https://www.youtube.com/@edomangataro,UCkfHzv2Pd4iacs4dR-xyh-w,1830,2025-09-14,195,5295551,27156,2630000,4,1,2026/06/13,x.gd短縮URL,【鬼滅の刃】かなりヤリ手の堕姫様がヤバい　#鬼滅の刃  #アニメ #漫画  #shorts #fyp,https://www.youtube.com/shorts/ZDcd2jIIW48,混合型
おすすめバズ漫画,https://www.youtube.com/channel/UC_Fmtm06a_ua9kjnpMsjAZQ,https://www.youtube.com/@作品は概要欄Go,UC_Fmtm06a_ua9kjnpMsjAZQ,7550,2025-07-06,429,23360766,54454,2360000,38,2,2026/09/26,x.gd短縮URL,男は顔だけじゃない,https://www.youtube.com/shorts/f9NFwuSP6G0,
夜の栞(しおり),https://www.youtube.com/channel/UCCFDcFVFV-XgEYBToLncyNA,https://www.youtube.com/@投稿欄はえっどい,UCCFDcFVFV-XgEYBToLncyNA,5570,2025-07-14,77,5210357,67666,2300000,4,2,2026/07/17,x.gd短縮URL/X投稿URL,恩人にイキ地獄を味わわせてやった結果　#漫画 #漫画紹介,https://www.youtube.com/shorts/5ilqGsQcWgE,
同人マンガタイムズ,https://www.youtube.com/channel/UCsa0kaYiLgVJBhhycg20PZg,https://www.youtube.com/@ここをタップしてみい,UCsa0kaYiLgVJBhhycg20PZg,1080,2025-12-20,12,4031834,335986,1850000,4,2,2026/01/14,X投稿URL,人気漫画のアニメと実写比較！②,https://www.youtube.com/shorts/BGYoA6e9rv0,
オトナのマンガ部屋,https://www.youtube.com/channel/UC9ZlWXrl_2tQTiQcCAYRBTQ,https://www.youtube.com/@オトナのマンガ部屋,UC9ZlWXrl_2tQTiQcCAYRBTQ,3530,2025-11-01,32,3321256,103789,1830000,2,2,2026/09/11,x.gd短縮URL/X投稿URL,別の男を作った彼女を教育したら最高すぎた #漫画 #漫画紹介,https://www.youtube.com/shorts/4X7XGPJW0jo,
今夜のおかず,https://www.youtube.com/channel/UC3ot_4TidN9j0R_OcnEdh9Q,https://www.youtube.com/@お得セール中,UC3ot_4TidN9j0R_OcnEdh9Q,1720,2026-01-08,27,1429321,52937,1240000,1,1,2026/09/11,x.gd短縮URL/X投稿URL,大きすぎるお母さんの秘密がヤバすぎた #漫画 #アニメ #漫画紹介,https://www.youtube.com/shorts/SJk-aL-dlT4,
夜の漫画クラブ,https://www.youtube.com/channel/UCoYz6N7VM2JmIBIqgVN9zKg,https://www.youtube.com/@夜の漫画クラブ,UCoYz6N7VM2JmIBIqgVN9zKg,2160,2026-06-27,348,10544143,30299,1240000,17,1,2026/08/24,x.gd短縮URL,2年間で育った特大の感情、無慈悲な「+6」で完封される #漫画 #アニメ #anime,https://www.youtube.com/shorts/ranaZlgFewM,
大人の漫画BOOK,https://www.youtube.com/channel/UCecabEWTudwkKaXJ6C5xBzA,https://www.youtube.com/@大人の漫画BOOKをクリック,UCecabEWTudwkKaXJ6C5xBzA,2050,2025-10-09,51,1418668,27817,1230000,1,1,2026/09/26,X投稿URL/Bluesky投稿URL,㊗️100万再生🎉漫画史上最もイキ地獄を味わった漫画キャラ　#shorts #漫画,https://www.youtube.com/shorts/otNiMiJDe8U,
俺のひとコマ | 深夜のマン×アニ,https://www.youtube.com/channel/UCHTH6nJ2PTb--oWCWGX1lXg,https://www.youtube.com/@sinyamanani,UCHTH6nJ2PTb--oWCWGX1lXg,3910,2010-11-20,421,15704292,37302,1230000,14,2,2026/09/26,x.gd短縮URL,結局どっち派でも得するタイプ #漫画 #アニメ #shorts,https://www.youtube.com/shorts/VwcxR8JOjJU,
漫画ムラ【反応集】,https://www.youtube.com/channel/UC_x5korNXFSwIE3UuuoxX5A,https://www.youtube.com/@manga-lucky7,UC_x5korNXFSwIE3UuuoxX5A,3940,2025-10-09,71,5247501,73908,1180000,7,1,2026/08/16,x.gd短縮URL,彼女と別れられないワイ #漫画紹介 #漫画,https://www.youtube.com/shorts/I4rFaXoq5eo,
運命の1冊,https://www.youtube.com/channel/UC-AF3NtLH01Bl6Y8FaAz8QA,https://www.youtube.com/@コミュニティ覗くと飛ぶぞ,UC-AF3NtLH01Bl6Y8FaAz8QA,3630,2024-10-29,166,3580292,21568,1130000,2,1,2026/07/21,X投稿URL,【悲報】天才少女博士の発明方法がとんでもなさすぎるwwwwww #漫画紹介 #漫画,https://www.youtube.com/shorts/tkKpPQ-efKc,
今宵のバズ同人,https://www.youtube.com/channel/UCHNVvzUatXbtEVP6csVX9Hg,https://www.youtube.com/@今宵の江呂は概要欄へ,UCHNVvzUatXbtEVP6csVX9Hg,5960,2025-05-09,657,19699107,29983,1130000,22,1,2026/08/24,x.gd短縮URL,態度と好感度バグってる #漫画 #アニメ #anime,https://www.youtube.com/shorts/L4Qt82TMlUs,
聖人マンガ紹介,https://www.youtube.com/channel/UCjz9ZAF6f1GmyXXAonU-_ug,https://www.youtube.com/@聖人マンガ紹介,UCjz9ZAF6f1GmyXXAonU-_ug,1250,2024-10-19,86,3065838,35649,1060000,2,1,2026/04/24,X投稿URL,獣人族の発◯期がヤバい…  #無職転生 #アニメ紹介,https://www.youtube.com/shorts/ahKPayBGB8I,混合型
漫画パラダイス,https://www.youtube.com/channel/UCpUNjjAuY8x8CjbSwjajEOQ,https://www.youtube.com/@漫画パラダイス-f2q,UCpUNjjAuY8x8CjbSwjajEOQ,2320,2025-03-04,46,2156166,46873,980000,2,0,2026/02/12,X投稿URL,事故で手に入れた超能力でシたら気持ち良すぎた #漫画 #漫画紹介,https://www.youtube.com/shorts/LAhg1oDFIt4,
ドキドキ漫画紹介,https://www.youtube.com/channel/UClXaXKAqTJWqpYj828qSQig,https://www.youtube.com/@ここタップだよ,UClXaXKAqTJWqpYj828qSQig,2330,2017-05-30,150,3145339,20968,760000,2,0,2026/09/22,X投稿URL/Bluesky投稿URL,SDGsの時代 #shorts #おすすめ #Twitter,https://www.youtube.com/shorts/yL59d6eHRig,
同人マンガワールド🌍,https://www.youtube.com/channel/UCSMQZKIQIXvmnbLGcNgW1Qw,https://www.youtube.com/@同人マンガワールド,UCSMQZKIQIXvmnbLGcNgW1Qw,2040,2026-05-25,514,13072150,25432,720000,23,0,2026/08/30,Bluesky投稿URL,大学生って関係性歪になるよなww #漫画 #アニメ #anime,https://www.youtube.com/shorts/42l3Rz7HIrk,
オトナのカイダン,https://www.youtube.com/channel/UCPHsZTRKuwTERqvuHsVFzSQ,https://www.youtube.com/@なんでも紹介マン,UCPHsZTRKuwTERqvuHsVFzSQ,1030,2025-04-12,1,645558,645558,640000,1,0,2025/07/25,X投稿URL,胡蝶しのぶがヤバい#漫画 #漫画紹介 #鬼滅の刃,https://www.youtube.com/shorts/W6mk0oxy_n0,
同人の館,https://www.youtube.com/channel/UC3ZJVns9t5MwJF7Px7gycew,https://www.youtube.com/@doujin_yakata,UC3ZJVns9t5MwJF7Px7gycew,4080,2025-01-28,118,3298218,27951,640000,5,0,2026/02/26,X投稿URL,管理が得意なトレーナー【ポケモン】 #アニメ #ゲーム #shorts,https://www.youtube.com/shorts/1rixequQR08,混合型
おすすめ漫画紹介,https://www.youtube.com/channel/UCC9pDuNuw0g6wgxO1sPDU6w,https://www.youtube.com/@叡智漫画紹介ch,UCC9pDuNuw0g6wgxO1sPDU6w,2340,2024-02-22,15,836656,55777,630000,1,0,2025/03/25,X投稿URL,おすすめ漫画紹介 #漫画 #おすすめ #漫画紹介,https://www.youtube.com/shorts/1Vois53iaLg,
アモーレ美少女研究所,https://www.youtube.com/channel/UCPmsj82bN6Cbw5YpZatXzQQ,https://www.youtube.com/@コミュニティやばい,UCPmsj82bN6Cbw5YpZatXzQQ,4710,2025-01-10,33,1262632,38261,570000,1,0,2025/08/13,X投稿URL,引きこもりを更正させる施設がヤバすぎた #マンガ #アニメ #漫画紹介,https://www.youtube.com/shorts/_LHQIJi5lhQ,
バズマンガ倉庫,https://www.youtube.com/channel/UCI8UKac7j9pW3QNkbNcLyig,https://www.youtube.com/@バズマンガ倉庫,UCI8UKac7j9pW3QNkbNcLyig,2200,2026-02-28,145,7898544,54472,560000,22,0,2026/06/23,x.gd短縮URL,これは下でしょ#漫画 #漫画紹介 #アニメ #shorts,https://www.youtube.com/shorts/aQvRDlNrT4g,
ドキドキアニメ編集部,https://www.youtube.com/channel/UCiebh4lFBlWQWOsNfVyZg3w,https://www.youtube.com/@dokiani,UCiebh4lFBlWQWOsNfVyZg3w,5600,2025-08-14,970,7324595,7551,550000,8,0,2026/09/25,x.gd短縮URL,10年ぶりに帰ってきた幼馴染の変貌が想像超え #漫画紹介 #漫画,https://www.youtube.com/shorts/vPDwFjtgTmk,
ワン,https://www.youtube.com/channel/UCFEXiSbfZZhqTjiOlgkltTQ,https://www.youtube.com/@drgrsdgrg,UCFEXiSbfZZhqTjiOlgkltTQ,398,2026-02-23,46,2078457,45183,530000,1,0,2026/05/09,X投稿URL,勘違いされる容姿 #漫画 #1コマ,https://www.youtube.com/shorts/QpUQU8OXMPU,
ぼっちの夜,https://www.youtube.com/channel/UC3SDgtiDQCe0cTA6xcQ1t_w,https://www.youtube.com/@ぼっちの夜,UC3SDgtiDQCe0cTA6xcQ1t_w,811,2026-08-17,187,3967512,21216,520000,2,0,2026/09/26,x.gd短縮URL,お互いの自己紹介かな？#shorts  #漫画紹介 #アニメ,https://www.youtube.com/shorts/t4HTxqeMHIE,
チェリマンガ,https://www.youtube.com/channel/UCYgAqppmoYd15Ue532Adkgw,https://www.youtube.com/@チェリマンガ,UCYgAqppmoYd15Ue532Adkgw,5370,2026-05-28,227,6172462,27191,400000,10,0,2026/09/25,X投稿URL,双子の姉弟がヤバすぎた #漫画 #漫画紹介,https://www.youtube.com/shorts/4m-oeGoBGzQ,
バズ漫画,https://www.youtube.com/channel/UC9BgNfasOwjiA07u8EiJ0-g,https://www.youtube.com/@作品は概要欄へ,UC9BgNfasOwjiA07u8EiJ0-g,2100,2026-02-12,76,4371739,57522,380000,12,0,2026/06/23,x.gd短縮URL,理由はヒミツ#漫画 #漫画紹介 #shorts,https://www.youtube.com/shorts/8MGsmlDCu1w,
アニ漫画の反応集,https://www.youtube.com/channel/UCVnpwbPq_xocZFjrkuRYWXQ,https://www.youtube.com/@アニ漫画の反応集,UCVnpwbPq_xocZFjrkuRYWXQ,1030,2025-08-22,22,1665540,75706,370000,5,0,2025/09/25,X投稿URL,質感の表現がエグい漫画家8選！,https://www.youtube.com/shorts/AFSl_TIYkL4,
紳士の叡智な憩い場,https://www.youtube.com/channel/UCXukaWpaqKYCjFEzNsceDPw,https://www.youtube.com/@sinsino-v1p,UCXukaWpaqKYCjFEzNsceDPw,1540,2026-07-13,491,7086805,14433,370000,2,0,2026/09/25,X投稿URL,起きてるんよ#shorts #漫画 #アニメ,https://www.youtube.com/shorts/FeuxJwMDXjU,
【純愛】漫画アニメの純愛反応集,https://www.youtube.com/channel/UCMjIIQOzWsL5SfavxeFETHg,https://www.youtube.com/@Gojoruno,UCMjIIQOzWsL5SfavxeFETHg,4680,2023-09-26,192,3347851,17436,370000,1,0,2026/02/19,X投稿URL,突然後輩と結婚することになったOLが熱すぎた#漫画,https://www.youtube.com/shorts/3Jv2AsA0fmE,
大人ブックス,https://www.youtube.com/channel/UCYS9-D7_U4ulHfnm171epzA,https://www.youtube.com/@大人ブックス,UCYS9-D7_U4ulHfnm171epzA,372,2026-02-23,74,1649128,22285,350000,1,0,2026/07/29,X投稿URL/Bluesky投稿URL,㊗️35万再生🎉上のイケメンはいいが下のあご髭は許さん  #漫画 #漫画紹介 #1コマ,https://www.youtube.com/shorts/wSNDFsycXfc,
大人の漫画案内所,https://www.youtube.com/channel/UCxuYCTlZDE04gAtZQ4n7jAA,https://www.youtube.com/@ひみつの漫画棚,UCxuYCTlZDE04gAtZQ4n7jAA,1400,2026-06-01,233,4871790,20908,350000,2,0,2026/08/31,x.gd短縮URL,大学で得たもの、失ったもの,https://www.youtube.com/shorts/nCuubTm7DMk,
ぼくちゃんの1コマ漫画,https://www.youtube.com/channel/UC11r_Dp8IhsKDTx08CnZOaw,https://www.youtube.com/@bokutyan125,UC11r_Dp8IhsKDTx08CnZOaw,529,2021-12-03,161,2675143,16615,350000,1,0,2026/07/24,x.gd短縮URL,【話題】カップルの喧嘩の理由1位 #漫画 #衝撃の事実 #1コマ,https://www.youtube.com/shorts/tHQLqgH7-ps,
漫画紹介所,https://www.youtube.com/channel/UC0llCB3n7F-yen087vw4NiA,https://www.youtube.com/@ここも見てね,UC0llCB3n7F-yen087vw4NiA,671,2025-06-03,37,696045,18812,270000,1,0,2025/07/24,X投稿URL,催眠にかかったナミとルフィが最高すぎた #shorts #漫画 #アニメ #onepiece,https://www.youtube.com/shorts/ZZPTQoLMuEI,
保存したくなる1コマ,https://www.youtube.com/channel/UCFy4GikJpV1V6o4Sa0G_PAg,https://www.youtube.com/@漫画の続きは概要欄,UCFy4GikJpV1V6o4Sa0G_PAg,344,2025-05-27,18,890626,49479,270000,1,0,2026/04/11,X投稿URL,お互いの好意に気づいてそう…#漫画 #保育士,https://www.youtube.com/shorts/E9WDc0UU0pk,
大人の欲望,https://www.youtube.com/channel/UCS1J4HC3a84Vw-GhgO-Tuew,https://www.youtube.com/@大人の欲望,UCS1J4HC3a84Vw-GhgO-Tuew,572,2025-03-18,23,530576,23068,260000,1,0,2025/07/20,X投稿URL,【作品の詳細は説明欄に！】男子が好きな漫画8選 #アニメ #五等分の花嫁 #推しの子 #漫画,https://www.youtube.com/shorts/x4vk0YVCLiA,
大賢者ふぅ...,https://www.youtube.com/channel/UCSveACMzKTFNYTNPj46CQZQ,https://www.youtube.com/@daikenjyahuu,UCSveACMzKTFNYTNPj46CQZQ,3120,2012-11-27,206,2747775,13338,250000,1,0,2026/03/03,X投稿URL,元の世界へ帰るための方法がヤバい　#漫画紹介 #漫画,https://www.youtube.com/shorts/Mj71fOZyoDM,
神漫画の反応集,https://www.youtube.com/channel/UCd9HVqFzk9V1wDsJ3nXeJUQ,https://www.youtube.com/@labo_mugiwara,UCd9HVqFzk9V1wDsJ3nXeJUQ,963,2024-09-28,107,2680217,25048,250000,4,0,2025/11/05,X投稿URL,現時点で最強の刀TOP7！#shorts #ワンピース #アニメ,https://www.youtube.com/shorts/SN-X9V4AnGw,混合型
二次元大好きネコch,https://www.youtube.com/channel/UC41h4fgvAEaG_JAtJZ63GEA,https://www.youtube.com/@コミュニティ見てにゃ,UC41h4fgvAEaG_JAtJZ63GEA,424,2025-12-21,122,465079,3812,200000,1,0,2026/09/05,lit.link,元ネタわかるかな？ #anime #アニメ#チェンソーマン,https://www.youtube.com/shorts/8ktmS1WD_Bk,混合型
秘密の漫画案内所,https://www.youtube.com/channel/UCk1t4beL90gTEugrNU7P6SA,https://www.youtube.com/@mangaannai,UCk1t4beL90gTEugrNU7P6SA,1680,2025-12-07,141,2522802,17892,200000,2,0,2026/06/23,x.gd短縮URL,スリルを求めすぎた末路#漫画 #漫画紹介 #shorts,https://www.youtube.com/shorts/cT0U47Qxvgg,
大人の漫画まとめ,https://www.youtube.com/channel/UCx5yYcnZUqxteL2cpsDcIrg,https://www.youtube.com/@ここはもっとすごいよ,UCx5yYcnZUqxteL2cpsDcIrg,392,2025-12-03,28,925243,33044,180000,1,0,2026/03/14,x.gd短縮URL/X投稿URL,男子の部屋のニオイあるある#漫画 #アニメ #shorts,https://www.youtube.com/shorts/iL6BGLw4dCk,
よなよな同人俱楽部,https://www.youtube.com/channel/UCYl5vDd95iRmFSmjmFr1ltg,https://www.youtube.com/@よなよな同人俱楽部,UCYl5vDd95iRmFSmjmFr1ltg,2240,2026-06-12,416,7924349,19048,170000,8,0,2026/09/26,Bluesky投稿URL,こなれたノック　　 #同人 #漫画 #コミック,https://www.youtube.com/shorts/3-24l6ELKcY,
夜のおかず漫画,https://www.youtube.com/channel/UC5fIYxWnTLEWrsjEVoLrT5w,https://www.youtube.com/@投稿欄を見て見て,UC5fIYxWnTLEWrsjEVoLrT5w,273,2023-10-20,67,1085342,16199,170000,2,0,2026/09/25,X投稿URL,どういうこと？ #オススメ #漫画 #おすすめにのりたい,https://www.youtube.com/shorts/cfrypYg_NpU,
アニメの世界CH,https://www.youtube.com/channel/UCiKJ76oHffTaKbudzc9R7FQ,https://www.youtube.com/@投稿もみて,UCiKJ76oHffTaKbudzc9R7FQ,1670,2026-02-01,458,7158082,15629,160000,3,0,2026/09/07,X投稿URL,挟むのに丁度いい #漫画 #アニメ,https://www.youtube.com/shorts/BIkF_tBrS_8,
漫画の時間,https://www.youtube.com/channel/UCb4SRru3UDI6YdotV6bj9qA,https://www.youtube.com/@manga_time100,UCb4SRru3UDI6YdotV6bj9qA,2080,2026-04-30,1046,10312091,9858,150000,3,0,2026/09/26,x.gd短縮URL,陰キャな女子が好きな男子のために #漫画 #おすすめ #anime,https://www.youtube.com/shorts/6twaKSzSlCk,
異世界マニア,https://www.youtube.com/channel/UCxmhCur_THEhinimGPHIM4A,https://www.youtube.com/@異世界マニア,UCxmhCur_THEhinimGPHIM4A,107,2025-05-13,8,183400,22925,140000,1,0,2025/11/14,X投稿URL,ヒロインが悍ましい姿になってしまう大人漫画…#大人マンガ　#マンガ紹介　#shorts,https://www.youtube.com/shorts/3JO19OrVbMg,
マンガノセカイ,https://www.youtube.com/channel/UC7F3qUjO57RzlZHhOHNnNcA,https://www.youtube.com/@マンガノセカイ,UC7F3qUjO57RzlZHhOHNnNcA,1540,2025-07-14,87,1885104,21667,130000,2,0,2026/02/03,X投稿URL,【神作画】絵が上手い漫画家８選,https://www.youtube.com/shorts/kt4DYdQ4pkY,
マンガのセカイ,https://www.youtube.com/channel/UCgIAPNdyhQ-fjCZVOBcLxJA,https://www.youtube.com/@ここをタップ-g1h,UCgIAPNdyhQ-fjCZVOBcLxJA,4700,2025-08-19,347,4349339,12534,130000,1,0,2026/09/26,X投稿URL,生意気な幼馴染をわからせた結果驚愕な展開に #漫画 #漫画紹介 #shorts,https://www.youtube.com/shorts/J8N1zsO4U6g,
ゼイユちゃんの同人まとめ集,https://www.youtube.com/channel/UCeENRrArHJOR-bkQDwTd5lg,https://www.youtube.com/@ゼイユちゃんの同人まとめ集,UCeENRrArHJOR-bkQDwTd5lg,574,2026-01-30,91,2245038,24670,130000,1,0,2026/05/02,x.gd短縮URL,【話題】絶対に下だろ #漫画 #アニメ,https://www.youtube.com/shorts/u9fbNhVWCT8,
マンガ案内屋さん,https://www.youtube.com/channel/UCiBwGQOa7FLJ3iZYVELW8cg,https://www.youtube.com/@manga_annaiya,UCiBwGQOa7FLJ3iZYVELW8cg,229,2026-03-07,95,1523994,16042,130000,1,0,2026/08/02,X投稿URL,【話題】一人だけ断トツおる #漫画 #アニメ,https://www.youtube.com/shorts/B9iDuy4eDuU,
ハヤリノアニメ,https://www.youtube.com/channel/UCM5I0Bt2GbVt_VyndtPgbLQ,https://www.youtube.com/@ハヤリノアニメ,UCM5I0Bt2GbVt_VyndtPgbLQ,482,2025-03-27,34,560234,16477,120000,1,0,2025/07/09,X投稿URL,【一位の詳細は概要欄】男子が好きなアニメ8選 #anime #アニメ #五等分の花嫁,https://www.youtube.com/shorts/23YaicnLhUA,
オトナマンガ,https://www.youtube.com/channel/UCIlbivDUll-MaEXqlH4SKrQ,https://www.youtube.com/@オトナ漫画,UCIlbivDUll-MaEXqlH4SKrQ,2140,2024-09-23,50,692599,13851,110000,1,0,2025/11/04,X投稿URL,異世界のチートアイテムが最高すぎた#漫画 #漫画紹介,https://www.youtube.com/shorts/jiXi2hdSnfs,
漫画タイム,https://www.youtube.com/channel/UCRIKlfJZyHCFmlET1OErjGA,https://www.youtube.com/@漫画たいむ,UCRIKlfJZyHCFmlET1OErjGA,1940,2025-08-10,447,4906379,10976,110000,1,0,2026/09/25,X投稿URL,【話題】相手の考えが分かるメガネ #shorts #漫画 #アニメ,https://www.youtube.com/shorts/G-mEmU97hpQ,
深夜の裏読み漫画館,https://www.youtube.com/channel/UChr9mUVPSq-8P-aFI31x0sQ,https://www.youtube.com/@urayomi_manga,UChr9mUVPSq-8P-aFI31x0sQ,696,2026-05-13,413,4591925,11118,100000,1,0,2026/08/13,X投稿URL,体育の授業で何かが変わる？ #漫画 #アニメ,https://www.youtube.com/shorts/21eBiN4Awak,
漫画が好きなんだもん!,https://www.youtube.com/channel/UCSTDiE7lsFWWgWsfksbpy6w,https://www.youtube.com/@クリックしてみて-b2b,UCSTDiE7lsFWWgWsfksbpy6w,396,2025-10-15,26,497565,19137,100000,1,0,2026/03/08,X投稿URL,作画が綺麗すぎて腰抜けてあっちも抜ける最高の江戸漫画家TOP8がマジで感謝！　#漫画紹介,https://www.youtube.com/shorts/K2DqRATnkR4,混合型
アニメ同人漫画すごいぞチャンネル,https://www.youtube.com/channel/UCoxy1-EnAvvk5BhUshKKr3Q,https://www.youtube.com/@アニメ同人漫画すごいぞチャンネル,UCoxy1-EnAvvk5BhUshKKr3Q,389,2023-07-26,16,222663,13916,98000,0,0,2026/09/26,x.gd短縮URL/X投稿URL,人生を滅茶苦茶にしたコイツを俺は絶対に許さない #漫画 #漫画紹介,https://www.youtube.com/shorts/so8SLeDGCRs,
アニメ漫画倉庫,https://www.youtube.com/channel/UCzQzfAa12hX6Ii2xgazSvkw,https://www.youtube.com/@アニメ漫画倉庫,UCzQzfAa12hX6Ii2xgazSvkw,221,2026-06-05,44,863650,19628,88000,0,0,2026/07/24,Bluesky投稿URL,どっちが好み？,https://www.youtube.com/shorts/GxfIAEug5hA,
ドキマンガ,https://www.youtube.com/channel/UC586MXJvuWoJHlxK5RztANA,https://www.youtube.com/@DokiManga-y2y,UC586MXJvuWoJHlxK5RztANA,9130,2025-09-29,97,1559688,16079,87000,0,0,2026/09/22,X投稿URL,無能→最強 #漫画 #漫画紹介,https://www.youtube.com/shorts/5fmxKuybUb0,
1ページの向こう側【漫画】,https://www.youtube.com/channel/UCvCqL5cjZMdePcjOIlyqfZg,https://www.youtube.com/@1page_manga,UCvCqL5cjZMdePcjOIlyqfZg,539,2026-07-14,320,2339913,7312,87000,0,0,2026/09/26,Bluesky投稿URL,憧れの先輩と2人きりで居残り練習した結果⋯#shorts #漫画 #おすすめ,https://www.youtube.com/shorts/dguiWWtLCCY,
夜のオトモダチ,https://www.youtube.com/channel/UChtmnyWnP-FJQZmKMXUuSGQ,https://www.youtube.com/@作品名は概要欄から,UChtmnyWnP-FJQZmKMXUuSGQ,443,2026-08-13,153,1933330,12636,83000,0,0,2026/09/24,x.gd短縮URL,まっすぐっていいよね　#アニメ　#漫画 #shorts,https://www.youtube.com/shorts/ZGQO0H6pjK8,
深夜のお祭り,https://www.youtube.com/channel/UCdtiPnYyc-N0-RGvS7lUK3Q,https://www.youtube.com/@コミュニティはこちら-j6p,UCdtiPnYyc-N0-RGvS7lUK3Q,1870,2025-10-21,29,271163,9350,83000,0,0,2026/09/11,x.gd短縮URL/X投稿URL,人間を狩る魔物のハンターがヤバすぎた #漫画紹介,https://www.youtube.com/shorts/BIr3YC_jUx4,
アニメ限界ハマり部屋,https://www.youtube.com/channel/UCJEiNzz0q9IW1FBiES3nvbA,https://www.youtube.com/@漫画限界ハマり部屋,UCJEiNzz0q9IW1FBiES3nvbA,384,2026-05-11,145,1569304,10822,81000,0,0,2026/09/01,x.gd短縮URL,【神回】ベジータの私服デビュー！,https://www.youtube.com/shorts/qXI8vmHxGwc,混合型
夜のマンガワールド,https://www.youtube.com/channel/UCJpXJwD_4J8oMBGCSZe7WFw,https://www.youtube.com/@夜のマンガワールド,UCJpXJwD_4J8oMBGCSZe7WFw,71,2026-09-12,38,327095,8607,76000,0,0,2026/09/24,x.gd短縮URL,最近の大学生は忙しい　#漫画＃アニメ #manga#anime#バズれ,https://www.youtube.com/shorts/j2C8nBwb1SM,
あおいの書庫,https://www.youtube.com/channel/UCpkjQPUiT_W1pxia4LvkHcQ,https://www.youtube.com/@あおいの書庫,UCpkjQPUiT_W1pxia4LvkHcQ,259,2025-11-19,20,194802,9740,71000,0,0,2026/09/24,x.gd短縮URL/X投稿URL,5年間の記憶を失ったらヤバすぎた　#漫画紹介 #漫画 #漫画動画,https://www.youtube.com/shorts/DLUy6HokAbE,
アニメ漫画研究所♡,https://www.youtube.com/channel/UCwl4wuvg5NAX3GxAaS9iGYA,https://www.youtube.com/@Manga0721,UCwl4wuvg5NAX3GxAaS9iGYA,1590,2021-09-03,89,1113835,12515,65000,0,0,2026/01/14,X投稿URL,卒業旅行に行ったらまさかの事態に… #漫画 #漫画紹介 #マンガ,https://www.youtube.com/shorts/QIqGyYNwkc0,
1コマで心に響く,https://www.youtube.com/channel/UCGhUxelyflyAj2GnIzFyqzg,https://www.youtube.com/@1komachance,UCGhUxelyflyAj2GnIzFyqzg,32,2023-03-29,33,132412,4012,64000,0,0,2026/04/14,X投稿URL,チョロい上司w #漫画 #漫画紹介,https://www.youtube.com/shorts/h11C9mdtrT4,
フェルンちゃんのえつつな漫画紹介,https://www.youtube.com/channel/UCXmR8oSr4HVInzEbmzuMO7A,https://www.youtube.com/@作品は概要欄に記載してます,UCXmR8oSr4HVInzEbmzuMO7A,404,2025-12-02,54,1314478,24342,64000,0,0,2026/05/02,x.gd短縮URL,知らないとできない… #漫画 #アニメ,https://www.youtube.com/shorts/YR6-nXdBMaY,
おかず漫画クラブ,https://www.youtube.com/channel/UCnp0LS2jU48itYxbKDMZWGA,https://www.youtube.com/@manga_okazu,UCnp0LS2jU48itYxbKDMZWGA,328,2025-01-28,380,729216,1918,63000,0,0,2026/04/01,X投稿URL,#shorts #漫画紹介 #このマンガがすごい #最高のマンガ #バズれ,https://www.youtube.com/shorts/TyYPCbo2TfA,
漫画紹介2,https://www.youtube.com/channel/UCZPOCyA-WljUz3jqfjLRqzQ,https://www.youtube.com/@漫画紹介2,UCZPOCyA-WljUz3jqfjLRqzQ,309,2025-09-14,98,725750,7405,62000,0,0,2026/09/26,x.gd短縮URL,ワンピースオススメな名言シーン15,https://www.youtube.com/shorts/ZZkR2V62yDY,
マンガ同人まとめ,https://www.youtube.com/channel/UChOgbSwCP5kytmDQHGp4jmg,https://www.youtube.com/@マンガ同人まとめ,UChOgbSwCP5kytmDQHGp4jmg,1400,2025-05-31,48,887346,18486,60000,0,0,2025/08/08,X投稿URL,初めてできた友達なのに… #漫画 #漫画紹介,https://www.youtube.com/shorts/Dlx8_bWsX0g,
漫画ランド,https://www.youtube.com/channel/UCyjzUhx81XFZ4Da_UHO3TCA,https://www.youtube.com/@ムフフな投稿欄はここから,UCyjzUhx81XFZ4Da_UHO3TCA,859,2025-01-27,38,858757,22598,57000,0,0,2025/09/22,X投稿URL,フラれたギャルが無理やり〇した結果が気持ちよすぎた #漫画 #漫画紹介 #shorts,https://www.youtube.com/shorts/zk2jw6Xqboo,
アニ好きちゃん,https://www.youtube.com/channel/UCUvgueead0FbycQzrno_0UQ,https://www.youtube.com/@anisukityan,UCUvgueead0FbycQzrno_0UQ,499,2022-06-26,105,488890,4656,57000,0,0,2026/09/14,x.gd短縮URL,幼馴染が勇者で俺だけ言えないジョブだった結果 #漫画紹介 #漫画　#異世界,https://www.youtube.com/shorts/axBYACZlu04,
1コマソムリエ,https://www.youtube.com/channel/UCWKdeNwiRtftBI-xraDkXgg,https://www.youtube.com/@1komasomurie,UCWKdeNwiRtftBI-xraDkXgg,308,2025-11-14,100,456872,4568,57000,0,0,2026/09/26,x.gd短縮URL/X投稿URL,最悪のバレ方#漫画 #アニメ #shorts,https://www.youtube.com/shorts/wVR6LcbqbeI,
まんが秒解,https://www.youtube.com/channel/UCWkjPcKYlZG5eTLqr2nkxmg,https://www.youtube.com/@manga_byokai,UCWkjPcKYlZG5eTLqr2nkxmg,100,2026-06-04,35,390654,11161,54000,0,0,2026/07/12,X投稿URL,彼女よりゲームにおいて夢中な彼氏の話#shorts #漫画 #マンガ #漫画紹介 #アニメ,https://www.youtube.com/shorts/HCq5TlVuKXs,
おすすめ漫画紹介,https://www.youtube.com/channel/UChbmvIPEVxf4AaWFEPxpLIA,https://www.youtube.com/@コミュニティはこちら-n4n,UChbmvIPEVxf4AaWFEPxpLIA,1720,2025-11-11,44,684895,15565,54000,0,0,2026/09/11,x.gd短縮URL/X投稿URL,転生の手続き方法がヤバすぎた #漫画 #漫画紹介,https://www.youtube.com/shorts/YZSxNp0S0nI,
1ページ違和感劇場,https://www.youtube.com/channel/UCV3E3A40l6ugVJqFDBzK1PA,https://www.youtube.com/@1ページ違和感劇場,UCV3E3A40l6ugVJqFDBzK1PA,135,2026-05-20,109,849389,7792,52000,0,0,2026/08/06,X投稿URL,ケーキを巡る兄妹喧嘩を母が誤解した結果w #漫画 #アニメ,https://www.youtube.com/shorts/PumAtcGmWT0,
漫画博士ch,https://www.youtube.com/channel/UCrtgUTK-yhkBoE8dBCCozlg,https://www.youtube.com/@漫画博士ch,UCrtgUTK-yhkBoE8dBCCozlg,1590,2023-05-12,188,1752219,9320,50000,0,0,2026/09/25,X投稿URL,ゲームばかりの彼氏 #shorts #漫画 #漫画紹介,https://www.youtube.com/shorts/CSgVY9AtO-Y,
